﻿{
  "code": "camera",
  "shape": { "base": "kosphotography:item/camera" },
  "class": "ItemCamera",
  "heldTpIdleAnimation": "holdbothhands",
  "attributes": {
    "displaycaseable": true,
    "shelvable": true,
    "isCamera": true,
    "groundStorageTransform": {
      "translation": {
        "x": 0,
        "y": 0,
        "z": 0
      },
      "rotation": {
        "x": 0,
        "y": 45,
        "z": 0
      },
      "scale": 1
    }
  },
  "behaviors": [
    {
      "name": "GroundStorable",
      "properties": {
        "layout": "SingleCenter",
        "collisionBox": {
          "x1": 0.2,
          "y1": 0,
          "z1": 0.2,
          "x2": 0.8,
          "y2": 0.5,
          "z2": 0.8
        }
      }
    }
  ],
  "creativeinventory": {
    "general": [ "*" ],
    "items": [ "*" ]
  },
  "maxstacksize": 1,
  "materialDensity": 210,
  "guiTransform": {
    "translation": {
      "x": 3,
      "y": 22,
      "z": -20
    },
    "rotation": {
      "x": -20,
      "y": -20,
      "z": 180
    },
    "origin": {
      "x": 0.4,
      "y": -0.1,
      "z": 0.8
    },
    "scale": 1.7
  },
  "fpHandTransform": {
    "translation": {
      "x": -1.05,
      "y": 0.2,
      "z": 0
    },
    "rotation": {
      "x": 25,
      "y": 180,
      "z": 0
    },
    "scale": 0,
    "__comment": "former: 2.8"
  },
  "tpHandTransform": {
    "translation": {
      "x": -1.3,
      "y": -0.8,
      "z": -0.58
    },
    "rotation": {
      "x": -60,
      "y": 25,
      "z": -110
    },
    "scale": 0.6
  },
  "groundTransform": {
    "translation": {
      "x": 0,
      "y": 0.2,
      "z": 0
    },
    "rotation": {
      "x": -4,
      "y": 8,
      "z": 0
    },
    "origin": {
      "x": 0.5,
      "y": 0.5,
      "z": 0.5299
    },
    "scale": 1.92
  }
}