{
	"editor": {
		"allAngles": false,
		"entityTextureMode": false
	},
	"textureWidth": 16,
	"textureHeight": 16,
	"textureSizes": {
	},
	"textures": {
		"quartz": "game:block/glass/quartz",
		"type": "game:block/wood/debarked/oak",
		"blackbronze": "kosphotography:item/redcloth",
		"brass": "game:item/resource/plate/brass",
		"lead": "kosphotography:item/redcloth",
		"stainlesssteel": "game:item/resource/plate/stainlesssteel",
		"steel": "game:item/resource/plate/steel"
	},
	"elements": [
		{
			"name": "Origin",
			"from": [ 8.0, 0.0, 8.0 ],
			"to": [ 8.0, 0.0, 8.0 ],
			"rotationOrigin": [ 8.0, 0.0, 8.0 ],
			"rotationY": 180.0,
			"faces": {
				"north": {
					"texture": "#null",
					"uv": [ 0.0, 0.0, 0.5, 0.5 ]
				},
				"east": {
					"texture": "#null",
					"uv": [ 0.0, 0.0, 0.5, 0.5 ]
				},
				"south": {
					"texture": "#null",
					"uv": [ 0.0, 0.0, 0.5, 0.5 ]
				},
				"west": {
					"texture": "#null",
					"uv": [ 0.0, 0.0, 0.5, 0.5 ]
				},
				"up": {
					"texture": "#null",
					"uv": [ 0.0, 0.0, 0.5, 0.5 ]
				},
				"down": {
					"texture": "#null",
					"uv": [ 0.0, 0.0, 0.5, 0.5 ]
				}
			},
			"children": [
				{
					"name": "cube66",
					"from": [ -0.6, 3.05, -6.0 ],
					"to": [ -0.45, 3.95, -5.5 ],
					"rotationOrigin": [ 1.7, 3.35, -1.0 ],
					"faces": {
						"north": {
							"texture": "#lead",
							"uv": [ 0.0, 0.0, 1.5, 1.5 ],
							"autoUv": false
						},
						"east": {
							"texture": "#null",
							"uv": [ 0.0, 0.0, 0.5, 0.5 ],
							"enabled": false
						},
						"south": {
							"texture": "#null",
							"uv": [ 0.0, 0.0, 0.5, 0.5 ],
							"enabled": false
						},
						"west": {
							"texture": "#null",
							"uv": [ 0.0, 0.0, 0.5, 0.5 ],
							"enabled": false
						},
						"up": {
							"texture": "#null",
							"uv": [ 0.0, 0.0, 0.5, 0.5 ],
							"enabled": false
						},
						"down": {
							"texture": "#null",
							"uv": [ 0.0, 0.0, 0.5, 0.5 ],
							"enabled": false
						}
					}
				},
				{
					"name": "cube65",
					"from": [ 0.425, 3.05, -6.0 ],
					"to": [ 0.575, 4.0, -5.5 ],
					"rotationOrigin": [ 2.725, 3.35, -1.0 ],
					"faces": {
						"north": {
							"texture": "#lead",
							"uv": [ 0.0, 0.0, 1.5, 1.5 ],
							"autoUv": false
						},
						"east": {
							"texture": "#null",
							"uv": [ 0.0, 0.0, 0.5, 0.5 ],
							"enabled": false
						},
						"south": {
							"texture": "#null",
							"uv": [ 0.0, 0.0, 0.5, 0.5 ],
							"enabled": false
						},
						"west": {
							"texture": "#null",
							"uv": [ 0.0, 0.0, 0.5, 0.5 ],
							"enabled": false
						},
						"up": {
							"texture": "#null",
							"uv": [ 0.0, 0.0, 0.5, 0.5 ],
							"enabled": false
						},
						"down": {
							"texture": "#null",
							"uv": [ 0.0, 0.0, 0.5, 0.5 ],
							"enabled": false
						}
					}
				},
				{
					"name": "cube64",
					"from": [ -0.45, 2.95, -6.0 ],
					"to": [ 0.425, 4.1, -5.5 ],
					"rotationOrigin": [ 2.6, 3.35, -1.0 ],
					"faces": {
						"north": {
							"texture": "#lead",
							"uv": [ 0.0, 0.0, 1.5, 1.5 ],
							"autoUv": false
						},
						"east": {
							"texture": "#null",
							"uv": [ 0.0, 0.0, 0.5, 1.0 ],
							"enabled": false
						},
						"south": {
							"texture": "#null",
							"uv": [ 0.0, 0.0, 0.5, 1.0 ],
							"enabled": false
						},
						"west": {
							"texture": "#null",
							"uv": [ 0.0, 0.0, 0.5, 1.0 ],
							"enabled": false
						},
						"up": {
							"texture": "#null",
							"uv": [ 0.0, 0.0, 0.5, 0.5 ],
							"enabled": false
						},
						"down": {
							"texture": "#null",
							"uv": [ 0.0, 0.0, 0.5, 0.5 ],
							"enabled": false
						}
					}
				},
				{
					"name": "cube63",
					"from": [ -0.6, 3.05, -7.0 ],
					"to": [ -0.45, 3.95, -7.0 ],
					"rotationOrigin": [ 1.7, 3.35, -2.0 ],
					"faces": {
						"north": {
							"texture": "#quartz",
							"uv": [ 0.0, 0.0, 0.5, 0.5 ],
							"autoUv": false
						},
						"east": {
							"texture": "#null",
							"uv": [ 0.0, 0.0, 0.5, 0.5 ],
							"enabled": false
						},
						"south": {
							"texture": "#null",
							"uv": [ 0.0, 0.0, 0.5, 0.5 ],
							"enabled": false
						},
						"west": {
							"texture": "#null",
							"uv": [ 0.0, 0.0, 0.5, 0.5 ],
							"enabled": false
						},
						"up": {
							"texture": "#null",
							"uv": [ 0.0, 0.0, 0.5, 0.5 ],
							"enabled": false
						},
						"down": {
							"texture": "#null",
							"uv": [ 0.0, 0.0, 0.5, 0.5 ],
							"enabled": false
						}
					}
				},
				{
					"name": "cube62",
					"from": [ 0.425, 3.05, -7.0 ],
					"to": [ 0.575, 4.0, -7.0 ],
					"rotationOrigin": [ 2.725, 3.35, -2.0 ],
					"faces": {
						"north": {
							"texture": "#quartz",
							"uv": [ 0.0, 0.0, 0.5, 0.5 ],
							"autoUv": false
						},
						"east": {
							"texture": "#null",
							"uv": [ 0.0, 0.0, 0.5, 0.5 ],
							"enabled": false
						},
						"south": {
							"texture": "#null",
							"uv": [ 0.0, 0.0, 0.5, 0.5 ],
							"enabled": false
						},
						"west": {
							"texture": "#null",
							"uv": [ 0.0, 0.0, 0.5, 0.5 ],
							"enabled": false
						},
						"up": {
							"texture": "#null",
							"uv": [ 0.0, 0.0, 0.5, 0.5 ],
							"enabled": false
						},
						"down": {
							"texture": "#null",
							"uv": [ 0.0, 0.0, 0.5, 0.5 ],
							"enabled": false
						}
					}
				},
				{
					"name": "cube61",
					"from": [ -0.45, 2.95, -7.0 ],
					"to": [ 0.425, 4.1, -7.0 ],
					"rotationOrigin": [ 2.6, 3.35, -2.0 ],
					"faces": {
						"north": {
							"texture": "#quartz",
							"uv": [ 0.0, 0.0, 1.0, 1.0 ],
							"autoUv": false
						},
						"east": {
							"texture": "#null",
							"uv": [ 0.0, 0.0, 0.5, 1.0 ],
							"enabled": false
						},
						"south": {
							"texture": "#null",
							"uv": [ 0.0, 0.0, 0.5, 1.0 ],
							"enabled": false
						},
						"west": {
							"texture": "#null",
							"uv": [ 0.0, 0.0, 0.5, 1.0 ],
							"enabled": false
						},
						"up": {
							"texture": "#null",
							"uv": [ 0.0, 0.0, 0.5, 0.5 ],
							"enabled": false
						},
						"down": {
							"texture": "#null",
							"uv": [ 0.0, 0.0, 0.5, 0.5 ],
							"enabled": false
						}
					}
				},
				{
					"name": "cube60",
					"from": [ 1.75, 6.85, 3.75 ],
					"to": [ 2.25, 7.35, 4.25 ],
					"rotationOrigin": [ 2.0, 7.4, 4.0 ],
					"rotationY": -45.0,
					"faces": {
						"north": {
							"texture": "#stainlesssteel",
							"uv": [ 0.5, 0.0, 1.0, 0.5 ],
							"autoUv": false
						},
						"east": {
							"texture": "#stainlesssteel",
							"uv": [ 0.5, 0.0, 1.0, 0.5 ],
							"autoUv": false
						},
						"south": {
							"texture": "#stainlesssteel",
							"uv": [ 0.5, 0.0, 1.0, 0.5 ],
							"autoUv": false
						},
						"west": {
							"texture": "#stainlesssteel",
							"uv": [ 0.5, 0.0, 1.0, 0.5 ],
							"autoUv": false
						},
						"up": {
							"texture": "#stainlesssteel",
							"uv": [ 0.5, 0.0, 1.0, 0.5 ],
							"autoUv": false
						},
						"down": {
							"texture": "#stainlesssteel",
							"uv": [ 0.5, 0.0, 1.0, 0.5 ],
							"autoUv": false
						}
					}
				},
				{
					"name": "cube59",
					"from": [ -2.25, 6.85, 3.75 ],
					"to": [ -1.75, 7.35, 4.25 ],
					"rotationOrigin": [ -2.0, 7.4, 4.0 ],
					"rotationY": 45.0,
					"faces": {
						"north": {
							"texture": "#stainlesssteel",
							"uv": [ 0.0, 0.0, 0.5, 0.5 ],
							"autoUv": false
						},
						"east": {
							"texture": "#stainlesssteel",
							"uv": [ 0.0, 0.0, 0.5, 0.5 ],
							"autoUv": false
						},
						"south": {
							"texture": "#stainlesssteel",
							"uv": [ 0.0, 0.0, 0.5, 0.5 ],
							"autoUv": false
						},
						"west": {
							"texture": "#stainlesssteel",
							"uv": [ 0.0, 0.0, 0.5, 0.5 ],
							"autoUv": false
						},
						"up": {
							"texture": "#stainlesssteel",
							"uv": [ 0.0, 0.0, 0.5, 0.5 ],
							"autoUv": false
						},
						"down": {
							"texture": "#stainlesssteel",
							"uv": [ 0.0, 0.0, 0.5, 0.5 ],
							"autoUv": false
						}
					}
				},
				{
					"name": "cube58",
					"from": [ -1.25, 2.25, -4.5 ],
					"to": [ 1.25, 4.75, -4.0 ],
					"rotationOrigin": [ -0.5, 0.0, 0.0 ],
					"faces": {
						"north": {
							"texture": "#blackbronze",
							"uv": [ 11.0, 13.0, 13.5, 15.5 ],
							"autoUv": false
						},
						"east": {
							"texture": "#blackbronze",
							"uv": [ 12.0, 0.0, 14.5, 0.5 ],
							"rotation": 90,
							"autoUv": false
						},
						"south": {
							"texture": "#blackbronze",
							"uv": [ 5.5, 12.0, 8.0, 14.5 ],
							"autoUv": false
						},
						"west": {
							"texture": "#blackbronze",
							"uv": [ 12.0, 0.0, 14.5, 0.5 ],
							"rotation": 90,
							"autoUv": false
						},
						"up": {
							"texture": "#blackbronze",
							"uv": [ 12.5, 0.0, 15.0, 0.5 ],
							"autoUv": false
						},
						"down": {
							"texture": "#blackbronze",
							"uv": [ 12.5, 0.0, 15.0, 0.5 ],
							"autoUv": false
						}
					}
				},
				{
					"name": "cube57",
					"from": [ -1.5, 2.0, -2.25 ],
					"to": [ 1.5, 5.0, -1.25 ],
					"rotationOrigin": [ 1.75, -0.25, -0.25 ],
					"faces": {
						"north": {
							"texture": "#lead",
							"uv": [ 0.0, 0.0, 3.0, 3.0 ],
							"autoUv": false
						},
						"east": {
							"texture": "#lead",
							"uv": [ 0.0, 0.0, 1.0, 3.0 ],
							"autoUv": false
						},
						"south": {
							"texture": "#lead",
							"uv": [ 0.0, 0.0, 3.0, 3.0 ],
							"autoUv": false
						},
						"west": {
							"texture": "#lead",
							"uv": [ 0.0, 0.0, 1.0, 3.0 ],
							"autoUv": false
						},
						"up": {
							"texture": "#lead",
							"uv": [ 0.0, 0.0, 3.0, 1.0 ],
							"autoUv": false
						},
						"down": {
							"texture": "#lead",
							"uv": [ 0.0, 0.0, 3.0, 1.0 ],
							"autoUv": false
						}
					}
				},
				{
					"name": "cube56",
					"from": [ -2.0, 1.5, -1.75 ],
					"to": [ 2.0, 5.5, -1.25 ],
					"rotationOrigin": [ 1.75, -0.25, 0.0 ],
					"faces": {
						"north": {
							"texture": "#blackbronze",
							"uv": [ 5.0, 3.5, 9.0, 7.5 ],
							"autoUv": false
						},
						"east": {
							"texture": "#blackbronze",
							"uv": [ 6.0, 2.5, 6.5, 6.5 ],
							"autoUv": false
						},
						"south": {
							"texture": "#blackbronze",
							"uv": [ 3.5, 3.0, 7.5, 7.0 ],
							"autoUv": false
						},
						"west": {
							"texture": "#blackbronze",
							"uv": [ 11.5, 0.0, 12.0, 4.0 ],
							"autoUv": false
						},
						"up": {
							"texture": "#blackbronze",
							"uv": [ 0.0, 4.5, 4.0, 5.0 ],
							"autoUv": false
						},
						"down": {
							"texture": "#blackbronze",
							"uv": [ 6.0, 4.0, 10.0, 4.5 ],
							"autoUv": false
						}
					}
				},
				{
					"name": "cube55",
					"from": [ -2.25, 1.25, -0.75 ],
					"to": [ 2.25, 5.75, -0.25 ],
					"rotationOrigin": [ 1.5, 0.0, 0.0 ],
					"faces": {
						"north": {
							"texture": "#blackbronze",
							"uv": [ 7.0, 5.0, 11.5, 9.5 ],
							"autoUv": false
						},
						"east": {
							"texture": "#blackbronze",
							"uv": [ 4.0, 3.5, 4.5, 8.0 ],
							"autoUv": false
						},
						"south": {
							"texture": "#blackbronze",
							"uv": [ 6.5, 5.5, 11.0, 10.0 ],
							"autoUv": false
						},
						"west": {
							"texture": "#blackbronze",
							"uv": [ 11.5, 0.0, 12.0, 4.5 ],
							"autoUv": false
						},
						"up": {
							"texture": "#blackbronze",
							"uv": [ 0.0, 4.5, 4.5, 5.0 ],
							"autoUv": false
						},
						"down": {
							"texture": "#blackbronze",
							"uv": [ 5.5, 4.5, 10.0, 5.0 ],
							"autoUv": false
						}
					}
				},
				{
					"name": "cube54",
					"from": [ -1.75, 1.75, -1.25 ],
					"to": [ 1.75, 5.25, -0.25 ],
					"rotationOrigin": [ 1.5, 0.0, -0.25 ],
					"faces": {
						"north": {
							"texture": "#lead",
							"uv": [ 5.0, 4.5, 8.5, 8.0 ],
							"autoUv": false
						},
						"east": {
							"texture": "#lead",
							"uv": [ 0.0, 0.0, 1.0, 3.5 ],
							"autoUv": false
						},
						"south": {
							"texture": "#lead",
							"uv": [ 0.0, 0.0, 3.5, 3.5 ],
							"autoUv": false
						},
						"west": {
							"texture": "#lead",
							"uv": [ 0.0, 0.0, 1.0, 3.5 ],
							"autoUv": false
						},
						"up": {
							"texture": "#lead",
							"uv": [ 0.0, 0.0, 3.5, 1.0 ],
							"autoUv": false
						},
						"down": {
							"texture": "#lead",
							"uv": [ 0.0, 0.0, 3.5, 1.0 ],
							"autoUv": false
						}
					}
				},
				{
					"name": "cube53",
					"from": [ -1.75, 1.75, -2.75 ],
					"to": [ 1.75, 5.25, -2.25 ],
					"rotationOrigin": [ 1.5, 0.0, 0.0 ],
					"faces": {
						"north": {
							"texture": "#blackbronze",
							"uv": [ 3.0, 3.5, 6.5, 7.0 ],
							"autoUv": false
						},
						"east": {
							"texture": "#blackbronze",
							"uv": [ 7.5, 4.0, 8.0, 7.5 ],
							"autoUv": false
						},
						"south": {
							"texture": "#blackbronze",
							"uv": [ 5.5, 5.5, 9.0, 9.0 ],
							"autoUv": false
						},
						"west": {
							"texture": "#blackbronze",
							"uv": [ 11.5, 0.0, 12.0, 3.5 ],
							"autoUv": false
						},
						"up": {
							"texture": "#blackbronze",
							"uv": [ 0.0, 4.5, 3.5, 5.0 ],
							"autoUv": false
						},
						"down": {
							"texture": "#blackbronze",
							"uv": [ 4.0, 4.0, 7.5, 4.5 ],
							"autoUv": false
						}
					}
				},
				{
					"name": "cube52",
					"from": [ -1.25, 2.25, -3.25 ],
					"to": [ 1.25, 4.75, -2.25 ],
					"rotationOrigin": [ 1.5, 0.0, -0.25 ],
					"faces": {
						"north": {
							"texture": "#lead",
							"uv": [ 0.0, 0.0, 2.5, 2.5 ],
							"autoUv": false
						},
						"east": {
							"texture": "#lead",
							"uv": [ 0.0, 0.0, 1.0, 2.5 ],
							"autoUv": false
						},
						"south": {
							"texture": "#lead",
							"uv": [ 0.0, 0.0, 2.5, 2.5 ],
							"autoUv": false
						},
						"west": {
							"texture": "#lead",
							"uv": [ 0.0, 0.0, 1.0, 2.5 ],
							"autoUv": false
						},
						"up": {
							"texture": "#lead",
							"uv": [ 0.0, 0.0, 2.5, 1.0 ],
							"autoUv": false
						},
						"down": {
							"texture": "#lead",
							"uv": [ 0.0, 0.0, 2.5, 1.0 ],
							"autoUv": false
						}
					}
				},
				{
					"name": "cube51",
					"from": [ -1.5, 2.0, -3.75 ],
					"to": [ 1.5, 5.0, -3.25 ],
					"rotationOrigin": [ 1.25, 0.25, 0.0 ],
					"faces": {
						"north": {
							"texture": "#blackbronze",
							"uv": [ 8.0, 7.0, 11.0, 10.0 ],
							"autoUv": false
						},
						"east": {
							"texture": "#blackbronze",
							"uv": [ 10.5, 7.0, 11.0, 10.0 ],
							"autoUv": false
						},
						"south": {
							"texture": "#blackbronze",
							"uv": [ 5.5, 5.5, 8.5, 8.5 ],
							"autoUv": false
						},
						"west": {
							"texture": "#blackbronze",
							"uv": [ 11.5, 0.0, 12.0, 3.0 ],
							"autoUv": false
						},
						"up": {
							"texture": "#blackbronze",
							"uv": [ 0.0, 4.5, 3.0, 5.0 ],
							"autoUv": false
						},
						"down": {
							"texture": "#blackbronze",
							"uv": [ 5.5, 4.5, 8.5, 5.0 ],
							"autoUv": false
						}
					}
				},
				{
					"name": "cube50",
					"from": [ -1.0, 2.5, -4.0 ],
					"to": [ 1.0, 4.5, -3.0 ],
					"rotationOrigin": [ 1.25, 0.25, 0.0 ],
					"faces": {
						"north": {
							"texture": "#lead",
							"uv": [ 0.0, 0.0, 2.0, 2.0 ],
							"autoUv": false
						},
						"east": {
							"texture": "#lead",
							"uv": [ 0.0, 0.0, 1.0, 2.0 ],
							"autoUv": false
						},
						"south": {
							"texture": "#lead",
							"uv": [ 0.0, 0.0, 2.0, 2.0 ],
							"autoUv": false
						},
						"west": {
							"texture": "#lead",
							"uv": [ 0.0, 0.0, 1.0, 2.0 ],
							"autoUv": false
						},
						"up": {
							"texture": "#lead",
							"uv": [ 0.0, 0.0, 2.0, 1.0 ],
							"autoUv": false
						},
						"down": {
							"texture": "#lead",
							"uv": [ 0.0, 0.0, 2.0, 1.0 ],
							"autoUv": false
						}
					}
				},
				{
					"name": "cube49",
					"from": [ -2.5, 1.0, 0.25 ],
					"to": [ 2.5, 6.0, 0.75 ],
					"rotationOrigin": [ 1.75, -0.25, 0.0 ],
					"faces": {
						"north": {
							"texture": "#blackbronze",
							"uv": [ 4.0, 2.5, 9.0, 7.5 ],
							"autoUv": false
						},
						"east": {
							"texture": "#blackbronze",
							"uv": [ 4.5, 3.0, 5.0, 8.0 ],
							"autoUv": false
						},
						"south": {
							"texture": "#blackbronze",
							"uv": [ 4.0, 4.0, 9.0, 9.0 ],
							"autoUv": false
						},
						"west": {
							"texture": "#blackbronze",
							"uv": [ 11.5, 0.0, 12.0, 5.0 ],
							"autoUv": false
						},
						"up": {
							"texture": "#blackbronze",
							"uv": [ 0.0, 4.5, 5.0, 5.0 ],
							"autoUv": false
						},
						"down": {
							"texture": "#blackbronze",
							"uv": [ 4.0, 4.5, 9.0, 5.0 ],
							"autoUv": false
						}
					}
				},
				{
					"name": "cube48",
					"from": [ -2.0, 1.5, -0.25 ],
					"to": [ 2.0, 5.5, 0.75 ],
					"rotationOrigin": [ 1.75, -0.25, -0.25 ],
					"faces": {
						"north": {
							"texture": "#lead",
							"uv": [ 0.0, 0.0, 4.0, 4.0 ],
							"autoUv": false
						},
						"east": {
							"texture": "#lead",
							"uv": [ 0.0, 0.0, 1.0, 4.0 ],
							"autoUv": false
						},
						"south": {
							"texture": "#lead",
							"uv": [ 0.0, 0.0, 4.0, 4.0 ],
							"autoUv": false
						},
						"west": {
							"texture": "#lead",
							"uv": [ 0.0, 0.0, 1.0, 4.0 ],
							"autoUv": false
						},
						"up": {
							"texture": "#lead",
							"uv": [ 0.0, 0.0, 4.0, 1.0 ],
							"autoUv": false
						},
						"down": {
							"texture": "#lead",
							"uv": [ 0.0, 0.0, 4.0, 1.0 ],
							"autoUv": false
						}
					}
				},
				{
					"name": "cube47",
					"from": [ -2.75, 0.75, 1.25 ],
					"to": [ 2.75, 6.25, 1.75 ],
					"rotationOrigin": [ 1.5, 0.0, 0.0 ],
					"faces": {
						"north": {
							"texture": "#blackbronze",
							"uv": [ 3.5, 3.5, 9.0, 9.0 ],
							"autoUv": false
						},
						"east": {
							"texture": "#blackbronze",
							"uv": [ 4.5, 3.5, 5.0, 9.0 ],
							"autoUv": false
						},
						"south": {
							"texture": "#blackbronze",
							"uv": [ 5.0, 4.5, 10.5, 10.0 ],
							"autoUv": false
						},
						"west": {
							"texture": "#blackbronze",
							"uv": [ 11.5, 0.0, 12.0, 5.5 ],
							"autoUv": false
						},
						"up": {
							"texture": "#blackbronze",
							"uv": [ 0.0, 4.5, 5.5, 5.0 ],
							"autoUv": false
						},
						"down": {
							"texture": "#blackbronze",
							"uv": [ 4.0, 3.5, 9.5, 4.0 ],
							"autoUv": false
						}
					}
				},
				{
					"name": "cube46",
					"from": [ -2.25, 1.25, 0.5 ],
					"to": [ 2.25, 5.75, 1.5 ],
					"rotationOrigin": [ 1.5, 0.0, -0.5 ],
					"faces": {
						"north": {
							"texture": "#lead",
							"uv": [ 0.0, 0.0, 4.5, 4.5 ],
							"autoUv": false
						},
						"east": {
							"texture": "#lead",
							"uv": [ 0.0, 0.0, 1.0, 4.5 ],
							"autoUv": false
						},
						"south": {
							"texture": "#lead",
							"uv": [ 0.0, 0.0, 4.5, 4.5 ],
							"autoUv": false
						},
						"west": {
							"texture": "#lead",
							"uv": [ 0.0, 0.0, 1.0, 4.5 ],
							"autoUv": false
						},
						"up": {
							"texture": "#lead",
							"uv": [ 0.0, 0.0, 4.5, 1.0 ],
							"autoUv": false
						},
						"down": {
							"texture": "#lead",
							"uv": [ 0.0, 0.0, 4.5, 1.0 ],
							"autoUv": false
						}
					}
				},
				{
					"name": "cube45",
					"from": [ -3.0, 0.5, 2.25 ],
					"to": [ 3.0, 6.5, 2.75 ],
					"rotationOrigin": [ 2.0, 0.0, 0.0 ],
					"faces": {
						"north": {
							"texture": "#blackbronze",
							"uv": [ 4.0, 2.5, 10.0, 8.5 ],
							"autoUv": false
						},
						"east": {
							"texture": "#blackbronze",
							"uv": [ 6.0, 2.5, 6.5, 8.5 ],
							"autoUv": false
						},
						"south": {
							"texture": "#blackbronze",
							"uv": [ 4.5, 3.5, 10.5, 9.5 ],
							"autoUv": false
						},
						"west": {
							"texture": "#blackbronze",
							"uv": [ 11.5, 0.0, 12.0, 6.0 ],
							"autoUv": false
						},
						"up": {
							"texture": "#blackbronze",
							"uv": [ 0.0, 4.5, 6.0, 5.0 ],
							"autoUv": false
						},
						"down": {
							"texture": "#blackbronze",
							"uv": [ 5.5, 4.0, 11.5, 4.5 ],
							"autoUv": false
						}
					}
				},
				{
					"name": "cube44",
					"from": [ -2.5, 1.0, 1.75 ],
					"to": [ 2.5, 6.0, 3.0 ],
					"rotationOrigin": [ 1.5, 0.0, -0.25 ],
					"faces": {
						"north": {
							"texture": "#lead",
							"uv": [ 0.0, 0.0, 5.0, 5.0 ],
							"autoUv": false
						},
						"east": {
							"texture": "#lead",
							"uv": [ 0.0, 0.0, 1.25, 5.0 ],
							"autoUv": false
						},
						"south": {
							"texture": "#lead",
							"uv": [ 0.0, 0.0, 5.0, 5.0 ],
							"autoUv": false
						},
						"west": {
							"texture": "#lead",
							"uv": [ 0.0, 0.0, 1.25, 5.0 ],
							"autoUv": false
						},
						"up": {
							"texture": "#lead",
							"uv": [ 0.0, 0.0, 5.0, 1.25 ],
							"autoUv": false
						},
						"down": {
							"texture": "#lead",
							"uv": [ 0.0, 0.0, 5.0, 1.25 ],
							"autoUv": false
						}
					}
				},
				{
					"name": "cube43",
					"from": [ 3.2, 0.25, 0.5 ],
					"to": [ 3.4, 4.75, 1.0 ],
					"rotationOrigin": [ 3.25, 0.25, 0.75 ],
					"rotationX": 35.0,
					"faces": {
						"north": {
							"texture": "#steel",
							"uv": [ 16.0, 11.25, 15.8, 15.75 ],
							"autoUv": false
						},
						"east": {
							"texture": "#steel",
							"uv": [ 1.0, 11.25, 0.5, 15.75 ],
							"autoUv": false
						},
						"south": {
							"texture": "#steel",
							"uv": [ 0.2, 11.25, 0.0, 15.75 ],
							"autoUv": false
						},
						"west": {
							"texture": "#steel",
							"uv": [ 15.5, 11.25, 15.0, 15.75 ],
							"autoUv": false
						},
						"up": {
							"texture": "#steel",
							"uv": [ 0.2, 0.5, 0.0, 1.0 ],
							"autoUv": false
						},
						"down": {
							"texture": "#steel",
							"uv": [ 0.2, 15.0, 0.0, 15.5 ],
							"autoUv": false
						}
					}
				},
				{
					"name": "cube42",
					"from": [ -3.4, 0.25, 0.5 ],
					"to": [ -3.2, 4.75, 1.0 ],
					"rotationOrigin": [ -3.25, 0.25, 0.75 ],
					"rotationX": 35.0,
					"faces": {
						"north": {
							"texture": "#steel",
							"uv": [ 15.8, 11.25, 16.0, 15.75 ],
							"autoUv": false
						},
						"east": {
							"texture": "#steel",
							"uv": [ 15.0, 11.25, 15.5, 15.75 ],
							"autoUv": false
						},
						"south": {
							"texture": "#steel",
							"uv": [ 0.0, 11.25, 0.2, 15.75 ],
							"autoUv": false
						},
						"west": {
							"texture": "#steel",
							"uv": [ 0.5, 11.25, 1.0, 15.75 ],
							"autoUv": false
						},
						"up": {
							"texture": "#steel",
							"uv": [ 0.0, 0.5, 0.2, 1.0 ],
							"autoUv": false
						},
						"down": {
							"texture": "#steel",
							"uv": [ 0.0, 15.0, 0.2, 15.5 ],
							"autoUv": false
						}
					}
				},
				{
					"name": "cube41",
					"from": [ 3.35, 0.15, 0.25 ],
					"to": [ 3.6, 0.75, 1.25 ],
					"faces": {
						"north": {
							"texture": "#steel",
							"uv": [ 0.5, 0.0, 0.0, 0.5 ],
							"autoUv": false
						},
						"east": {
							"texture": "#steel",
							"uv": [ 1.0, 0.0, 0.0, 0.5 ],
							"autoUv": false
						},
						"south": {
							"texture": "#steel",
							"uv": [ 0.5, 0.0, 0.0, 0.5 ],
							"autoUv": false
						},
						"west": {
							"texture": "#steel",
							"uv": [ 1.0, 0.0, 0.0, 0.5 ],
							"autoUv": false
						},
						"up": {
							"texture": "#steel",
							"uv": [ 0.5, 0.0, 0.0, 1.0 ],
							"autoUv": false
						},
						"down": {
							"texture": "#steel",
							"uv": [ 0.5, 0.0, 0.0, 1.0 ],
							"autoUv": false
						}
					}
				},
				{
					"name": "cube40",
					"from": [ -3.6, 0.15, 0.25 ],
					"to": [ -3.35, 0.75, 1.25 ],
					"faces": {
						"north": {
							"texture": "#steel",
							"uv": [ 0.0, 0.0, 0.5, 0.5 ],
							"autoUv": false
						},
						"east": {
							"texture": "#steel",
							"uv": [ 0.0, 0.0, 1.0, 0.5 ],
							"autoUv": false
						},
						"south": {
							"texture": "#steel",
							"uv": [ 0.0, 0.0, 0.5, 0.5 ],
							"autoUv": false
						},
						"west": {
							"texture": "#steel",
							"uv": [ 0.0, 0.0, 1.0, 0.5 ],
							"autoUv": false
						},
						"up": {
							"texture": "#steel",
							"uv": [ 0.0, 0.0, 0.5, 1.0 ],
							"autoUv": false
						},
						"down": {
							"texture": "#steel",
							"uv": [ 0.0, 0.0, 0.5, 1.0 ],
							"autoUv": false
						}
					}
				},
				{
					"name": "cube39",
					"from": [ -2.0, 1.3, 4.2 ],
					"to": [ -1.5, 2.3, 5.2 ],
					"faces": {
						"north": {
							"texture": "#steel",
							"uv": [ 1.0, 0.0, 0.5, 1.0 ],
							"autoUv": false
						},
						"east": {
							"texture": "#steel",
							"uv": [ 2.0, 0.0, 1.0, 1.0 ],
							"autoUv": false
						},
						"south": {
							"texture": "#steel",
							"uv": [ 1.0, 0.0, 0.5, 1.0 ],
							"autoUv": false
						},
						"west": {
							"texture": "#steel",
							"uv": [ 2.0, 0.0, 1.0, 1.0 ],
							"autoUv": false
						},
						"up": {
							"texture": "#steel",
							"uv": [ 1.0, 0.0, 0.5, 1.0 ],
							"autoUv": false
						},
						"down": {
							"texture": "#steel",
							"uv": [ 1.0, 0.0, 0.5, 1.0 ],
							"autoUv": false
						}
					}
				},
				{
					"name": "cube38",
					"from": [ 1.5, 1.3, 4.2 ],
					"to": [ 2.0, 2.3, 5.2 ],
					"faces": {
						"north": {
							"texture": "#steel",
							"uv": [ 0.5, 0.0, 1.0, 1.0 ],
							"autoUv": false
						},
						"east": {
							"texture": "#steel",
							"uv": [ 1.0, 0.0, 2.0, 1.0 ],
							"autoUv": false
						},
						"south": {
							"texture": "#steel",
							"uv": [ 0.5, 0.0, 1.0, 1.0 ],
							"autoUv": false
						},
						"west": {
							"texture": "#steel",
							"uv": [ 1.0, 0.0, 2.0, 1.0 ],
							"autoUv": false
						},
						"up": {
							"texture": "#steel",
							"uv": [ 0.5, 0.0, 1.0, 1.0 ],
							"autoUv": false
						},
						"down": {
							"texture": "#steel",
							"uv": [ 0.5, 0.0, 1.0, 1.0 ],
							"autoUv": false
						}
					}
				},
				{
					"name": "cube37",
					"from": [ 1.75, 5.7, 4.2 ],
					"to": [ 2.25, 7.2, 5.2 ],
					"faces": {
						"north": {
							"texture": "#steel",
							"uv": [ 0.5, 0.0, 1.0, 1.5 ],
							"autoUv": false
						},
						"east": {
							"texture": "#steel",
							"uv": [ 1.0, 0.0, 2.0, 1.5 ],
							"autoUv": false
						},
						"south": {
							"texture": "#steel",
							"uv": [ 0.5, 0.0, 1.0, 1.5 ],
							"autoUv": false
						},
						"west": {
							"texture": "#steel",
							"uv": [ 1.0, 0.0, 2.0, 1.5 ],
							"autoUv": false
						},
						"up": {
							"texture": "#steel",
							"uv": [ 0.5, 0.0, 1.0, 1.0 ],
							"autoUv": false
						},
						"down": {
							"texture": "#steel",
							"uv": [ 0.5, 0.0, 1.0, 1.0 ],
							"autoUv": false
						}
					}
				},
				{
					"name": "cube36",
					"from": [ -2.25, 5.7, 4.2 ],
					"to": [ -1.75, 7.2, 5.2 ],
					"faces": {
						"north": {
							"texture": "#steel",
							"uv": [ 0.0, 0.0, 0.5, 1.5 ],
							"autoUv": false
						},
						"east": {
							"texture": "#steel",
							"uv": [ 0.0, 0.0, 1.0, 1.5 ],
							"autoUv": false
						},
						"south": {
							"texture": "#steel",
							"uv": [ 0.0, 0.0, 0.5, 1.5 ],
							"autoUv": false
						},
						"west": {
							"texture": "#steel",
							"uv": [ 0.0, 0.0, 1.0, 1.5 ],
							"autoUv": false
						},
						"up": {
							"texture": "#steel",
							"uv": [ 0.0, 0.0, 0.5, 1.0 ],
							"autoUv": false
						},
						"down": {
							"texture": "#steel",
							"uv": [ 0.0, 0.0, 0.5, 1.0 ],
							"autoUv": false
						}
					}
				},
				{
					"name": "cube35",
					"from": [ -2.75, 2.0, 4.1 ],
					"to": [ 2.75, 6.0, 5.1 ],
					"faces": {
						"north": {
							"texture": "#stainlesssteel",
							"uv": [ 0.0, 0.0, 5.5, 4.0 ],
							"autoUv": false
						},
						"east": {
							"texture": "#stainlesssteel",
							"uv": [ 0.0, 0.0, 1.0, 4.0 ],
							"autoUv": false
						},
						"south": {
							"texture": "#stainlesssteel",
							"uv": [ 0.0, 0.0, 5.5, 4.0 ],
							"autoUv": false
						},
						"west": {
							"texture": "#stainlesssteel",
							"uv": [ 0.0, 0.0, 1.0, 4.0 ],
							"autoUv": false
						},
						"up": {
							"texture": "#stainlesssteel",
							"uv": [ 0.0, 0.0, 5.5, 1.0 ],
							"autoUv": false
						},
						"down": {
							"texture": "#stainlesssteel",
							"uv": [ 0.0, 0.0, 5.5, 1.0 ],
							"autoUv": false
						}
					}
				},
				{
					"name": "cube34",
					"from": [ -3.75, 6.1, 4.25 ],
					"to": [ 3.75, 7.1, 4.5 ],
					"faces": {
						"north": {
							"texture": "#steel",
							"uv": [ 0.0, 0.0, 7.5, 1.0 ],
							"autoUv": false
						},
						"east": {
							"texture": "#steel",
							"uv": [ 0.0, 0.0, 0.5, 1.0 ],
							"autoUv": false
						},
						"south": {
							"texture": "#steel",
							"uv": [ 0.0, 0.0, 7.5, 1.0 ],
							"autoUv": false
						},
						"west": {
							"texture": "#steel",
							"uv": [ 0.0, 0.0, 0.5, 1.0 ],
							"autoUv": false
						},
						"up": {
							"texture": "#steel",
							"uv": [ 0.0, 0.0, 7.5, 0.5 ],
							"autoUv": false
						},
						"down": {
							"texture": "#steel",
							"uv": [ 0.0, 0.0, 7.5, 0.5 ],
							"autoUv": false
						}
					}
				},
				{
					"name": "cube33",
					"from": [ -3.75, 6.1, 3.5 ],
					"to": [ 3.75, 7.1, 3.75 ],
					"faces": {
						"north": {
							"texture": "#steel",
							"uv": [ 0.0, 0.0, 7.5, 1.0 ],
							"autoUv": false
						},
						"east": {
							"texture": "#steel",
							"uv": [ 0.0, 0.0, 0.5, 1.0 ],
							"autoUv": false
						},
						"south": {
							"texture": "#steel",
							"uv": [ 0.0, 0.0, 7.5, 1.0 ],
							"autoUv": false
						},
						"west": {
							"texture": "#steel",
							"uv": [ 0.0, 0.0, 0.5, 1.0 ],
							"autoUv": false
						},
						"up": {
							"texture": "#steel",
							"uv": [ 0.0, 0.0, 7.5, 0.5 ],
							"autoUv": false
						},
						"down": {
							"texture": "#steel",
							"uv": [ 0.0, 0.0, 7.5, 0.5 ],
							"autoUv": false
						}
					}
				},
				{
					"name": "cube32",
					"from": [ -3.75, 1.0, 3.5 ],
					"to": [ 3.75, 1.5, 4.5 ],
					"faces": {
						"north": {
							"texture": "#steel",
							"uv": [ 0.0, 0.0, 7.5, 0.5 ],
							"autoUv": false
						},
						"east": {
							"texture": "#steel",
							"uv": [ 0.0, 0.0, 1.0, 0.5 ],
							"autoUv": false
						},
						"south": {
							"texture": "#steel",
							"uv": [ 0.0, 0.0, 7.5, 0.5 ],
							"autoUv": false
						},
						"west": {
							"texture": "#steel",
							"uv": [ 0.0, 0.0, 1.0, 0.5 ],
							"autoUv": false
						},
						"up": {
							"texture": "#steel",
							"uv": [ 0.0, 0.0, 7.5, 1.0 ],
							"autoUv": false
						},
						"down": {
							"texture": "#steel",
							"uv": [ 0.0, 0.0, 7.5, 1.0 ],
							"autoUv": false
						}
					}
				},
				{
					"name": "cube31",
					"from": [ -3.75, 5.25, 3.5 ],
					"to": [ 3.75, 5.75, 4.5 ],
					"faces": {
						"north": {
							"texture": "#steel",
							"uv": [ 0.0, 0.0, 7.5, 0.5 ],
							"autoUv": false
						},
						"east": {
							"texture": "#steel",
							"uv": [ 0.0, 0.0, 1.0, 0.5 ],
							"autoUv": false
						},
						"south": {
							"texture": "#steel",
							"uv": [ 0.0, 0.0, 7.5, 0.5 ],
							"autoUv": false
						},
						"west": {
							"texture": "#steel",
							"uv": [ 0.0, 0.0, 1.0, 0.5 ],
							"autoUv": false
						},
						"up": {
							"texture": "#steel",
							"uv": [ 0.0, 0.0, 7.5, 1.0 ],
							"autoUv": false
						},
						"down": {
							"texture": "#steel",
							"uv": [ 0.0, 0.0, 7.5, 1.0 ],
							"autoUv": false
						}
					}
				},
				{
					"name": "cube30",
					"from": [ -3.5, 0.25, -2.5 ],
					"to": [ 3.5, 0.3, -2.2 ],
					"faces": {
						"north": {
							"texture": "#steel",
							"uv": [ 0.0, 0.0, 7.0, 0.5 ],
							"autoUv": false
						},
						"east": {
							"texture": "#steel",
							"uv": [ 0.0, 0.0, 0.5, 0.5 ],
							"autoUv": false
						},
						"south": {
							"texture": "#steel",
							"uv": [ 0.0, 0.0, 7.0, 0.5 ],
							"autoUv": false
						},
						"west": {
							"texture": "#steel",
							"uv": [ 0.0, 0.0, 0.5, 0.5 ],
							"autoUv": false
						},
						"up": {
							"texture": "#steel",
							"uv": [ 0.0, 0.0, 7.0, 0.5 ],
							"autoUv": false
						},
						"down": {
							"texture": "#steel",
							"uv": [ 0.0, 0.0, 7.0, 0.5 ],
							"autoUv": false
						}
					}
				},
				{
					"name": "cube29",
					"from": [ 1.7, 0.25, -4.0 ],
					"to": [ 2.0, 0.35, 2.0 ],
					"faces": {
						"north": {
							"texture": "#steel",
							"uv": [ 0.5, 0.0, 0.0, 0.5 ],
							"autoUv": false
						},
						"east": {
							"texture": "#steel",
							"uv": [ 6.0, 0.0, 0.0, 0.5 ],
							"autoUv": false
						},
						"south": {
							"texture": "#steel",
							"uv": [ 0.5, 0.0, 0.0, 0.5 ],
							"autoUv": false
						},
						"west": {
							"texture": "#steel",
							"uv": [ 6.0, 0.0, 0.0, 0.5 ],
							"autoUv": false
						},
						"up": {
							"texture": "#steel",
							"uv": [ 0.5, 0.0, 0.0, 6.0 ],
							"autoUv": false
						},
						"down": {
							"texture": "#steel",
							"uv": [ 0.5, 0.0, 0.0, 6.0 ],
							"autoUv": false
						}
					}
				},
				{
					"name": "cube28",
					"from": [ -2.0, 0.25, -4.0 ],
					"to": [ -1.7, 0.35, 2.0 ],
					"faces": {
						"north": {
							"texture": "#steel",
							"uv": [ 0.0, 0.0, 0.5, 0.5 ],
							"autoUv": false
						},
						"east": {
							"texture": "#steel",
							"uv": [ 0.0, 0.0, 6.0, 0.5 ],
							"autoUv": false
						},
						"south": {
							"texture": "#steel",
							"uv": [ 0.0, 0.0, 0.5, 0.5 ],
							"autoUv": false
						},
						"west": {
							"texture": "#steel",
							"uv": [ 0.0, 0.0, 6.0, 0.5 ],
							"autoUv": false
						},
						"up": {
							"texture": "#steel",
							"uv": [ 0.0, 0.0, 0.5, 6.0 ],
							"autoUv": false
						},
						"down": {
							"texture": "#steel",
							"uv": [ 0.0, 0.0, 0.5, 6.0 ],
							"autoUv": false
						}
					}
				},
				{
					"name": "cube27",
					"from": [ -2.0, 0.75, -4.9 ],
					"to": [ 2.0, 1.25, -4.7 ],
					"faces": {
						"north": {
							"texture": "#steel",
							"uv": [ 0.0, 0.0, 4.0, 0.5 ],
							"autoUv": false
						},
						"east": {
							"texture": "#steel",
							"uv": [ 0.0, 0.0, 0.5, 0.5 ],
							"autoUv": false
						},
						"south": {
							"texture": "#steel",
							"uv": [ 0.0, 0.0, 4.0, 0.5 ],
							"autoUv": false
						},
						"west": {
							"texture": "#steel",
							"uv": [ 0.0, 0.0, 0.5, 0.5 ],
							"autoUv": false
						},
						"up": {
							"texture": "#steel",
							"uv": [ 0.0, 0.0, 4.0, 0.5 ],
							"autoUv": false
						},
						"down": {
							"texture": "#steel",
							"uv": [ 0.0, 0.0, 4.0, 0.5 ],
							"autoUv": false
						}
					}
				},
				{
					"name": "cube26",
					"from": [ 3.35, 0.15, -2.75 ],
					"to": [ 3.6, 0.75, -1.75 ],
					"faces": {
						"north": {
							"texture": "#steel",
							"uv": [ 0.5, 0.0, 0.0, 0.5 ],
							"autoUv": false
						},
						"east": {
							"texture": "#steel",
							"uv": [ 1.0, 0.0, 0.0, 0.5 ],
							"autoUv": false
						},
						"south": {
							"texture": "#steel",
							"uv": [ 0.5, 0.0, 0.0, 0.5 ],
							"autoUv": false
						},
						"west": {
							"texture": "#steel",
							"uv": [ 1.0, 0.0, 0.0, 0.5 ],
							"autoUv": false
						},
						"up": {
							"texture": "#steel",
							"uv": [ 0.5, 0.0, 0.0, 1.0 ],
							"autoUv": false
						},
						"down": {
							"texture": "#steel",
							"uv": [ 0.5, 0.0, 0.0, 1.0 ],
							"autoUv": false
						}
					}
				},
				{
					"name": "cube25",
					"from": [ -3.6, 0.15, -2.75 ],
					"to": [ -3.35, 0.75, -1.75 ],
					"faces": {
						"north": {
							"texture": "#steel",
							"uv": [ 0.0, 0.0, 0.5, 0.5 ],
							"autoUv": false
						},
						"east": {
							"texture": "#steel",
							"uv": [ 0.0, 0.0, 1.0, 0.5 ],
							"autoUv": false
						},
						"south": {
							"texture": "#steel",
							"uv": [ 0.0, 0.0, 0.5, 0.5 ],
							"autoUv": false
						},
						"west": {
							"texture": "#steel",
							"uv": [ 0.0, 0.0, 1.0, 0.5 ],
							"autoUv": false
						},
						"up": {
							"texture": "#steel",
							"uv": [ 0.0, 0.0, 0.5, 1.0 ],
							"autoUv": false
						},
						"down": {
							"texture": "#steel",
							"uv": [ 0.0, 0.0, 0.5, 1.0 ],
							"autoUv": false
						}
					}
				},
				{
					"name": "cube24",
					"from": [ -0.75, 4.75, -5.4 ],
					"to": [ -0.5, 5.0, -5.15 ],
					"faces": {
						"north": {
							"texture": "#brass",
							"uv": [ 0.0, 0.0, 0.5, 0.5 ],
							"autoUv": false
						},
						"east": {
							"texture": "#brass",
							"uv": [ 0.0, 0.0, 0.5, 0.5 ],
							"autoUv": false
						},
						"south": {
							"texture": "#brass",
							"uv": [ 0.0, 0.0, 0.5, 0.5 ],
							"autoUv": false
						},
						"west": {
							"texture": "#brass",
							"uv": [ 0.0, 0.0, 0.5, 0.5 ],
							"autoUv": false
						},
						"up": {
							"texture": "#brass",
							"uv": [ 0.0, 0.0, 0.5, 0.5 ],
							"autoUv": false
						},
						"down": {
							"texture": "#brass",
							"uv": [ 0.0, 0.0, 0.5, 0.5 ],
							"autoUv": false
						}
					}
				},
				{
					"name": "cube23",
					"from": [ 0.5, 4.75, -5.4 ],
					"to": [ 0.75, 5.25, -5.15 ],
					"faces": {
						"north": {
							"texture": "#brass",
							"uv": [ 0.0, 0.0, 0.5, 0.5 ],
							"autoUv": false
						},
						"east": {
							"texture": "#brass",
							"uv": [ 0.0, 0.0, 0.5, 0.5 ],
							"autoUv": false
						},
						"south": {
							"texture": "#brass",
							"uv": [ 0.0, 0.0, 0.5, 0.5 ],
							"autoUv": false
						},
						"west": {
							"texture": "#brass",
							"uv": [ 0.0, 0.0, 0.5, 0.5 ],
							"autoUv": false
						},
						"up": {
							"texture": "#brass",
							"uv": [ 0.0, 0.0, 0.5, 0.5 ],
							"autoUv": false
						},
						"down": {
							"texture": "#brass",
							"uv": [ 0.0, 0.0, 0.5, 0.5 ],
							"autoUv": false
						}
					}
				},
				{
					"name": "cube22",
					"from": [ 2.0, 0.75, -5.0 ],
					"to": [ 2.25, 4.5, -4.5 ],
					"faces": {
						"north": {
							"texture": "#steel",
							"uv": [ 0.5, 0.0, 0.0, 3.75 ],
							"autoUv": false
						},
						"east": {
							"texture": "#steel",
							"uv": [ 0.5, 0.0, 0.0, 3.75 ],
							"autoUv": false
						},
						"south": {
							"texture": "#steel",
							"uv": [ 0.5, 0.0, 0.0, 3.75 ],
							"autoUv": false
						},
						"west": {
							"texture": "#steel",
							"uv": [ 0.5, 0.0, 0.0, 3.75 ],
							"autoUv": false
						},
						"up": {
							"texture": "#steel",
							"uv": [ 0.5, 0.0, 0.0, 0.5 ],
							"autoUv": false
						},
						"down": {
							"texture": "#steel",
							"uv": [ 0.5, 0.0, 0.0, 0.5 ],
							"autoUv": false
						}
					}
				},
				{
					"name": "cube20",
					"from": [ 2.0, 0.25, -5.0 ],
					"to": [ 2.5, 0.75, -4.0 ],
					"faces": {
						"north": {
							"texture": "#steel",
							"uv": [ 0.0, 0.0, 0.5, 0.5 ],
							"autoUv": false
						},
						"east": {
							"texture": "#steel",
							"uv": [ 0.0, 0.0, 1.0, 0.5 ],
							"autoUv": false
						},
						"south": {
							"texture": "#steel",
							"uv": [ 0.0, 0.0, 0.5, 0.5 ],
							"autoUv": false
						},
						"west": {
							"texture": "#steel",
							"uv": [ 0.0, 0.0, 1.0, 0.5 ],
							"autoUv": false
						},
						"up": {
							"texture": "#steel",
							"uv": [ 0.0, 0.0, 0.5, 1.0 ],
							"autoUv": false
						},
						"down": {
							"texture": "#steel",
							"uv": [ 0.0, 0.0, 0.5, 1.0 ],
							"autoUv": false
						}
					}
				},
				{
					"name": "cube19",
					"from": [ -2.5, 0.25, -5.0 ],
					"to": [ -2.0, 0.75, -4.0 ],
					"faces": {
						"north": {
							"texture": "#steel",
							"uv": [ 0.0, 0.0, 0.5, 0.5 ],
							"autoUv": false
						},
						"east": {
							"texture": "#steel",
							"uv": [ 0.0, 0.0, 1.0, 0.5 ],
							"autoUv": false
						},
						"south": {
							"texture": "#steel",
							"uv": [ 0.0, 0.0, 0.5, 0.5 ],
							"autoUv": false
						},
						"west": {
							"texture": "#steel",
							"uv": [ 0.0, 0.0, 1.0, 0.5 ],
							"autoUv": false
						},
						"up": {
							"texture": "#steel",
							"uv": [ 0.0, 0.0, 0.5, 1.0 ],
							"autoUv": false
						},
						"down": {
							"texture": "#steel",
							"uv": [ 0.0, 0.0, 0.5, 1.0 ],
							"autoUv": false
						}
					}
				},
				{
					"name": "cube18",
					"from": [ -2.5, 0.0, -5.0 ],
					"to": [ 2.5, 0.25, -3.0 ],
					"rotationOrigin": [ -0.5, 0.0, 0.0 ],
					"faces": {
						"north": {
							"texture": "#type",
							"uv": [ 9.0, 0.0, 14.0, 0.5 ],
							"autoUv": false
						},
						"east": {
							"texture": "#type",
							"uv": [ 0.0, 14.5, 2.0, 15.0 ],
							"autoUv": false
						},
						"south": {
							"texture": "#type",
							"uv": [ 9.0, 0.0, 14.0, 0.25 ],
							"autoUv": false
						},
						"west": {
							"texture": "#type",
							"uv": [ 7.5, 11.0, 9.5, 11.5 ],
							"autoUv": false
						},
						"up": {
							"texture": "#type",
							"uv": [ 7.0, 5.5, 12.0, 7.5 ],
							"rotation": 180,
							"autoUv": false
						},
						"down": {
							"texture": "#type",
							"uv": [ 5.0, 8.0, 10.0, 10.0 ],
							"autoUv": false
						}
					}
				},
				{
					"name": "cube17",
					"from": [ -3.5, 0.0, -3.0 ],
					"to": [ 3.5, 0.25, 3.0 ],
					"rotationOrigin": [ -0.5, 0.0, 0.0 ],
					"faces": {
						"north": {
							"texture": "#type",
							"uv": [ 9.0, 0.0, 16.0, 0.5 ],
							"autoUv": false
						},
						"east": {
							"texture": "#type",
							"uv": [ 0.0, 14.5, 6.0, 15.0 ],
							"autoUv": false
						},
						"south": {
							"texture": "#type",
							"uv": [ 9.0, 0.0, 16.0, 0.25 ],
							"autoUv": false
						},
						"west": {
							"texture": "#type",
							"uv": [ 7.5, 11.0, 13.5, 11.5 ],
							"autoUv": false
						},
						"up": {
							"texture": "#type",
							"uv": [ 6.5, 4.5, 13.5, 10.5 ],
							"rotation": 180,
							"autoUv": false
						},
						"down": {
							"texture": "#type",
							"uv": [ 5.0, 8.0, 12.0, 14.0 ],
							"autoUv": false
						}
					}
				},
				{
					"name": "cube16",
					"from": [ -3.5, 0.0, 4.0 ],
					"to": [ 3.5, 0.25, 5.0 ],
					"rotationOrigin": [ -0.5, 0.0, 0.0 ],
					"faces": {
						"north": {
							"texture": "#type",
							"uv": [ 0.0, 0.0, 7.0, 0.5 ],
							"autoUv": false
						},
						"east": {
							"texture": "#type",
							"uv": [ 7.5, 10.5, 8.0, 11.5 ],
							"rotation": 90,
							"autoUv": false
						},
						"south": {
							"texture": "#type",
							"uv": [ 9.0, 0.0, 16.0, 0.5 ],
							"autoUv": false
						},
						"west": {
							"texture": "#type",
							"uv": [ 7.5, 11.0, 8.0, 12.0 ],
							"rotation": 90,
							"autoUv": false
						},
						"up": {
							"texture": "#type",
							"uv": [ 6.5, 4.5, 13.5, 5.5 ],
							"rotation": 180,
							"autoUv": false
						},
						"down": {
							"texture": "#type",
							"uv": [ 5.0, 11.0, 12.0, 12.0 ],
							"autoUv": false
						}
					}
				},
				{
					"name": "cube2",
					"from": [ -1.25, 2.25, -5.5 ],
					"to": [ 1.25, 4.75, -5.0 ],
					"rotationOrigin": [ -0.5, 0.0, 0.0 ],
					"faces": {
						"north": {
							"texture": "#type",
							"uv": [ 11.0, 13.0, 13.5, 15.5 ],
							"autoUv": false
						},
						"east": {
							"texture": "#type",
							"uv": [ 12.0, 0.0, 14.5, 0.5 ],
							"rotation": 90,
							"autoUv": false
						},
						"south": {
							"texture": "#type",
							"uv": [ 0.0, 0.0, 2.5, 2.5 ],
							"autoUv": false
						},
						"west": {
							"texture": "#type",
							"uv": [ 12.0, 0.0, 14.5, 0.5 ],
							"rotation": 90,
							"autoUv": false
						},
						"up": {
							"texture": "#type",
							"uv": [ 12.5, 0.0, 15.0, 0.5 ],
							"autoUv": false
						},
						"down": {
							"texture": "#type",
							"uv": [ 12.5, 0.0, 15.0, 0.5 ],
							"autoUv": false
						}
					}
				},
				{
					"name": "cube1",
					"from": [ -2.0, 1.5, -5.0 ],
					"to": [ 2.0, 5.5, -4.5 ],
					"rotationOrigin": [ -0.5, 0.0, 0.0 ],
					"faces": {
						"north": {
							"texture": "#type",
							"uv": [ 1.0, 2.5, 5.0, 6.5 ],
							"autoUv": false
						},
						"east": {
							"texture": "#type",
							"uv": [ 1.0, 3.5, 1.5, 7.5 ],
							"autoUv": false
						},
						"south": {
							"texture": "#type",
							"uv": [ 1.0, 2.5, 5.0, 6.5 ],
							"autoUv": false
						},
						"west": {
							"texture": "#type",
							"uv": [ 1.0, 4.5, 1.5, 8.5 ],
							"autoUv": false
						},
						"up": {
							"texture": "#type",
							"uv": [ 1.0, 4.5, 5.0, 5.0 ],
							"autoUv": false
						},
						"down": {
							"texture": "#type",
							"uv": [ 0.5, 5.0, 4.5, 5.5 ],
							"autoUv": false
						}
					}
				},
				{
					"name": "cube0",
					"from": [ -3.5, 0.0, 3.0 ],
					"to": [ 3.5, 7.0, 4.0 ],
					"rotationOrigin": [ -0.5, 0.0, 0.0 ],
					"faces": {
						"north": {
							"texture": "#type",
							"uv": [ 0.0, 4.0, 7.0, 11.0 ],
							"autoUv": false
						},
						"east": {
							"texture": "#type",
							"uv": [ 4.5, 11.0, 11.5, 12.0 ],
							"rotation": 90,
							"autoUv": false
						},
						"south": {
							"texture": "#type",
							"uv": [ 0.0, 0.0, 7.0, 7.0 ],
							"autoUv": false
						},
						"west": {
							"texture": "#type",
							"uv": [ 5.0, 10.5, 12.0, 11.5 ],
							"rotation": 90,
							"autoUv": false
						},
						"up": {
							"texture": "#type",
							"uv": [ 5.5, 11.0, 12.5, 12.0 ],
							"autoUv": false
						},
						"down": {
							"texture": "#type",
							"uv": [ 6.5, 10.5, 13.5, 11.5 ],
							"autoUv": false
						}
					}
				},
				{
					"name": "octagon",
					"from": [ -8.0, 0.0, -8.0 ],
					"to": [ -8.0, 0.0, -8.0 ],
					"rotationOrigin": [ -8.0, -4.5, -14.5 ],
					"faces": {
						"north": {
							"texture": "#",
							"uv": [ 0.0, 0.0, 0.0, 0.0 ]
						},
						"east": {
							"texture": "#",
							"uv": [ 0.0, 0.0, 0.0, 0.0 ]
						},
						"south": {
							"texture": "#",
							"uv": [ 0.0, 0.0, 0.0, 0.0 ]
						},
						"west": {
							"texture": "#",
							"uv": [ 0.0, 0.0, 0.0, 0.0 ]
						},
						"up": {
							"texture": "#",
							"uv": [ 0.0, 0.0, 0.0, 0.0 ]
						},
						"down": {
							"texture": "#",
							"uv": [ 0.0, 0.0, 0.0, 0.0 ]
						}
					},
					"children": [
						{
							"name": "octagon3",
							"from": [ 7.5858, 2.5, 2.24 ],
							"to": [ 8.4142, 4.5, 2.75 ],
							"rotationOrigin": [ 8.0, 3.5, 2.5 ],
							"rotationZ": 45.0,
							"faces": {
								"north": {
									"texture": "#brass",
									"uv": [ 8.0, 10.0, 9.0, 11.0 ],
									"rotation": 180,
									"autoUv": false
								},
								"east": {
									"texture": "#brass",
									"uv": [ 0.0, 0.0, 1.0, 1.0 ],
									"autoUv": false
								},
								"south": {
									"texture": "#brass",
									"uv": [ 0.0, 0.0, 1.0, 1.0 ],
									"autoUv": false
								},
								"west": {
									"texture": "#brass",
									"uv": [ 0.0, 0.0, 1.0, 1.0 ],
									"autoUv": false
								},
								"up": {
									"texture": "#brass",
									"uv": [ 8.0, 10.5, 9.0, 11.0 ],
									"autoUv": false
								},
								"down": {
									"texture": "#brass",
									"uv": [ 9.0, 8.5, 10.0, 9.0 ],
									"autoUv": false
								}
							}
						},
						{
							"name": "octagon4",
							"from": [ 7.5858, 2.5, 2.25 ],
							"to": [ 8.4142, 4.5, 2.75 ],
							"rotationOrigin": [ 8.0, 3.5, 2.5 ],
							"faces": {
								"north": {
									"texture": "#brass",
									"uv": [ 12.0, 7.0, 13.0, 8.0 ],
									"autoUv": false
								},
								"east": {
									"texture": "#brass",
									"uv": [ 0.0, 0.0, 1.0, 1.0 ],
									"autoUv": false
								},
								"south": {
									"texture": "#brass",
									"uv": [ 0.0, 0.0, 1.0, 1.0 ],
									"autoUv": false
								},
								"west": {
									"texture": "#brass",
									"uv": [ 0.0, 0.0, 1.0, 1.0 ],
									"autoUv": false
								},
								"up": {
									"texture": "#brass",
									"uv": [ 10.5, 9.5, 11.5, 10.0 ],
									"autoUv": false
								},
								"down": {
									"texture": "#brass",
									"uv": [ 0.0, 0.0, 1.0, 0.5 ],
									"autoUv": false
								}
							}
						},
						{
							"name": "octagon5",
							"from": [ 7.0, 3.0858, 2.23 ],
							"to": [ 9.0, 3.9142, 2.74 ],
							"rotationOrigin": [ 8.0, 3.5, 2.5 ],
							"rotationZ": 45.0,
							"faces": {
								"north": {
									"texture": "#brass",
									"uv": [ 10.5, 10.5, 11.5, 11.5 ],
									"autoUv": false
								},
								"east": {
									"texture": "#brass",
									"uv": [ 12.0, 9.0, 12.5, 10.0 ],
									"autoUv": false
								},
								"south": {
									"texture": "#brass",
									"uv": [ 0.0, 0.0, 1.0, 1.0 ],
									"autoUv": false
								},
								"west": {
									"texture": "#brass",
									"uv": [ 10.0, 9.5, 10.5, 10.5 ],
									"autoUv": false
								},
								"up": {
									"texture": "#brass",
									"uv": [ 0.0, 0.0, 1.0, 1.0 ],
									"autoUv": false
								},
								"down": {
									"texture": "#brass",
									"uv": [ 0.0, 0.0, 1.0, 1.0 ],
									"autoUv": false
								}
							}
						},
						{
							"name": "octagon6",
							"from": [ 7.0, 3.0858, 2.25 ],
							"to": [ 9.0, 3.9142, 2.75 ],
							"rotationOrigin": [ 8.0, 3.5, 2.5 ],
							"faces": {
								"north": {
									"texture": "#brass",
									"uv": [ 8.5, 7.5, 9.5, 8.5 ],
									"autoUv": false
								},
								"east": {
									"texture": "#brass",
									"uv": [ 9.0, 8.5, 9.5, 9.5 ],
									"autoUv": false
								},
								"south": {
									"texture": "#brass",
									"uv": [ 0.0, 0.0, 1.0, 1.0 ],
									"autoUv": false
								},
								"west": {
									"texture": "#brass",
									"uv": [ 11.0, 12.0, 11.5, 13.0 ],
									"autoUv": false
								},
								"up": {
									"texture": "#brass",
									"uv": [ 0.0, 0.0, 1.0, 1.0 ],
									"autoUv": false
								},
								"down": {
									"texture": "#brass",
									"uv": [ 0.0, 0.0, 1.0, 1.0 ],
									"autoUv": false
								}
							}
						},
						{
							"name": "octagon7",
							"from": [ 7.6893, 2.75, 0.74 ],
							"to": [ 8.3107, 2.95, 2.25 ],
							"rotationOrigin": [ 8.0, 3.5, 1.5 ],
							"rotationZ": 45.0,
							"faces": {
								"north": {
									"texture": "#brass",
									"uv": [ 9.5, 9.0, 10.0, 9.5 ],
									"autoUv": false
								},
								"east": {
									"texture": "#brass",
									"uv": [ 0.0, 0.0, 1.0, 1.0 ],
									"autoUv": false
								},
								"south": {
									"texture": "#brass",
									"uv": [ 0.0, 0.0, 1.0, 1.0 ],
									"autoUv": false
								},
								"west": {
									"texture": "#brass",
									"uv": [ 0.0, 0.0, 1.0, 1.0 ],
									"autoUv": false
								},
								"up": {
									"texture": "#brass",
									"uv": [ 12.5, 13.0, 13.0, 13.5 ],
									"autoUv": false
								},
								"down": {
									"texture": "#brass",
									"uv": [ 12.0, 13.0, 12.5, 14.5 ],
									"autoUv": false
								}
							}
						},
						{
							"name": "octagon8",
							"from": [ 7.6893, 2.75, 0.75 ],
							"to": [ 8.3107, 2.95, 2.25 ],
							"rotationOrigin": [ 8.0, 3.5, 1.5 ],
							"faces": {
								"north": {
									"texture": "#brass",
									"uv": [ 10.0, 1.5, 10.5, 2.0 ],
									"autoUv": false
								},
								"east": {
									"texture": "#brass",
									"uv": [ 0.0, 0.0, 1.0, 1.0 ],
									"autoUv": false
								},
								"south": {
									"texture": "#brass",
									"uv": [ 0.0, 0.0, 1.0, 1.0 ],
									"autoUv": false
								},
								"west": {
									"texture": "#brass",
									"uv": [ 0.0, 0.0, 1.0, 1.0 ],
									"autoUv": false
								},
								"up": {
									"texture": "#brass",
									"uv": [ 12.5, 13.0, 13.0, 13.5 ],
									"autoUv": false
								},
								"down": {
									"texture": "#brass",
									"uv": [ 8.5, 4.0, 9.0, 5.5 ],
									"autoUv": false
								}
							}
						},
						{
							"name": "octagon9",
							"from": [ 7.6893, 4.05, 0.74 ],
							"to": [ 8.3107, 4.25, 2.25 ],
							"rotationOrigin": [ 8.0, 3.5, 1.5 ],
							"rotationZ": 45.0,
							"faces": {
								"north": {
									"texture": "#brass",
									"uv": [ 8.5, 10.5, 9.0, 11.0 ],
									"autoUv": false
								},
								"east": {
									"texture": "#brass",
									"uv": [ 0.0, 0.0, 1.0, 1.0 ],
									"autoUv": false
								},
								"south": {
									"texture": "#brass",
									"uv": [ 0.0, 0.0, 1.0, 1.0 ],
									"autoUv": false
								},
								"west": {
									"texture": "#brass",
									"uv": [ 0.0, 0.0, 1.0, 1.0 ],
									"autoUv": false
								},
								"up": {
									"texture": "#brass",
									"uv": [ 6.0, 12.5, 6.5, 14.0 ],
									"autoUv": false
								},
								"down": {
									"texture": "#brass",
									"uv": [ 12.5, 13.0, 13.0, 13.5 ],
									"autoUv": false
								}
							}
						},
						{
							"name": "octagon10",
							"from": [ 7.6893, 4.05, 0.75 ],
							"to": [ 8.3107, 4.25, 2.25 ],
							"rotationOrigin": [ 8.0, 3.5, 1.5 ],
							"faces": {
								"north": {
									"texture": "#brass",
									"uv": [ 10.5, 6.5, 11.0, 7.0 ],
									"autoUv": false
								},
								"east": {
									"texture": "#brass",
									"uv": [ 0.0, 0.0, 1.0, 1.0 ],
									"autoUv": false
								},
								"south": {
									"texture": "#brass",
									"uv": [ 0.0, 0.0, 1.0, 1.0 ],
									"autoUv": false
								},
								"west": {
									"texture": "#brass",
									"uv": [ 0.0, 0.0, 1.0, 1.0 ],
									"autoUv": false
								},
								"up": {
									"texture": "#brass",
									"uv": [ 8.5, 1.5, 9.0, 3.0 ],
									"autoUv": false
								},
								"down": {
									"texture": "#brass",
									"uv": [ 12.5, 13.0, 13.0, 13.5 ],
									"autoUv": false
								}
							}
						},
						{
							"name": "octagon11",
							"from": [ 7.25, 3.1893, 0.74 ],
							"to": [ 7.45, 3.8107, 2.25 ],
							"rotationOrigin": [ 8.0, 3.5, 1.5 ],
							"rotationZ": 45.0,
							"faces": {
								"north": {
									"texture": "#brass",
									"uv": [ 10.5, 7.0, 11.0, 7.5 ],
									"autoUv": false
								},
								"east": {
									"texture": "#brass",
									"uv": [ 12.5, 13.0, 13.0, 13.5 ],
									"autoUv": false
								},
								"south": {
									"texture": "#brass",
									"uv": [ 0.0, 0.0, 1.0, 1.0 ],
									"autoUv": false
								},
								"west": {
									"texture": "#brass",
									"uv": [ 8.0, 5.0, 9.5, 5.5 ],
									"autoUv": false
								},
								"up": {
									"texture": "#brass",
									"uv": [ 0.0, 0.0, 1.0, 1.0 ],
									"autoUv": false
								},
								"down": {
									"texture": "#brass",
									"uv": [ 0.0, 0.0, 1.0, 1.0 ],
									"autoUv": false
								}
							}
						},
						{
							"name": "octagon12",
							"from": [ 7.25, 3.1893, 0.75 ],
							"to": [ 7.45, 3.8107, 2.25 ],
							"rotationOrigin": [ 8.0, 3.5, 1.5 ],
							"faces": {
								"north": {
									"texture": "#brass",
									"uv": [ 3.5, 2.0, 4.0, 2.5 ],
									"autoUv": false
								},
								"east": {
									"texture": "#brass",
									"uv": [ 12.5, 13.0, 13.0, 13.5 ],
									"autoUv": false
								},
								"south": {
									"texture": "#brass",
									"uv": [ 0.0, 0.0, 1.0, 1.0 ],
									"autoUv": false
								},
								"west": {
									"texture": "#brass",
									"uv": [ 11.0, 2.0, 12.5, 2.5 ],
									"autoUv": false
								},
								"up": {
									"texture": "#brass",
									"uv": [ 0.0, 0.0, 1.0, 1.0 ],
									"autoUv": false
								},
								"down": {
									"texture": "#brass",
									"uv": [ 0.0, 0.0, 1.0, 1.0 ],
									"autoUv": false
								}
							}
						},
						{
							"name": "octagon13",
							"from": [ 8.55, 3.1893, 0.74 ],
							"to": [ 8.75, 3.8107, 2.25 ],
							"rotationOrigin": [ 8.0, 3.5, 1.5 ],
							"rotationZ": 45.0,
							"faces": {
								"north": {
									"texture": "#brass",
									"uv": [ 9.5, 5.5, 10.0, 6.0 ],
									"autoUv": false
								},
								"east": {
									"texture": "#brass",
									"uv": [ 11.0, 1.5, 12.5, 2.0 ],
									"autoUv": false
								},
								"south": {
									"texture": "#brass",
									"uv": [ 0.0, 0.0, 1.0, 1.0 ],
									"autoUv": false
								},
								"west": {
									"texture": "#brass",
									"uv": [ 12.5, 13.0, 13.0, 13.5 ],
									"autoUv": false
								},
								"up": {
									"texture": "#brass",
									"uv": [ 0.0, 0.0, 1.0, 1.0 ],
									"autoUv": false
								},
								"down": {
									"texture": "#brass",
									"uv": [ 0.0, 0.0, 1.0, 1.0 ],
									"autoUv": false
								}
							}
						},
						{
							"name": "octagon14",
							"from": [ 8.55, 3.1893, 0.75 ],
							"to": [ 8.75, 3.8107, 2.25 ],
							"rotationOrigin": [ 8.0, 3.5, 1.5 ],
							"faces": {
								"north": {
									"texture": "#brass",
									"uv": [ 8.5, 8.0, 9.0, 8.5 ],
									"autoUv": false
								},
								"east": {
									"texture": "#brass",
									"uv": [ 11.5, 13.0, 13.0, 13.5 ],
									"autoUv": false
								},
								"south": {
									"texture": "#brass",
									"uv": [ 0.0, 0.0, 1.0, 1.0 ],
									"autoUv": false
								},
								"west": {
									"texture": "#brass",
									"uv": [ 12.5, 13.0, 13.0, 13.5 ],
									"autoUv": false
								},
								"up": {
									"texture": "#brass",
									"uv": [ 0.0, 0.0, 1.0, 1.0 ],
									"autoUv": false
								},
								"down": {
									"texture": "#brass",
									"uv": [ 0.0, 0.0, 1.0, 1.0 ],
									"autoUv": false
								}
							}
						}
					]
				},
				{
					"name": "cube21",
					"from": [ -2.25, 0.75, -5.0 ],
					"to": [ -2.0, 4.5, -4.5 ],
					"faces": {
						"north": {
							"texture": "#steel",
							"uv": [ 0.0, 0.0, 0.5, 3.75 ],
							"autoUv": false
						},
						"east": {
							"texture": "#steel",
							"uv": [ 0.0, 0.0, 0.5, 3.75 ],
							"autoUv": false
						},
						"south": {
							"texture": "#steel",
							"uv": [ 0.0, 0.0, 0.5, 3.75 ],
							"autoUv": false
						},
						"west": {
							"texture": "#steel",
							"uv": [ 0.0, 0.0, 0.5, 3.75 ],
							"autoUv": false
						},
						"up": {
							"texture": "#steel",
							"uv": [ 0.0, 0.0, 0.5, 0.5 ],
							"autoUv": false
						},
						"down": {
							"texture": "#steel",
							"uv": [ 0.0, 0.0, 0.5, 0.5 ],
							"autoUv": false
						}
					}
				},
				{
					"name": "cube15",
					"from": [ -3.5, 0.5, 4.0 ],
					"to": [ 3.5, 7.0, 5.0 ],
					"rotationOrigin": [ -0.5, 0.0, 0.0 ],
					"faces": {
						"north": {
							"texture": "#type",
							"uv": [ 0.0, 0.0, 7.0, 6.5 ],
							"autoUv": false
						},
						"east": {
							"texture": "#type",
							"uv": [ 5.5, 10.5, 12.0, 11.5 ],
							"rotation": 90,
							"autoUv": false
						},
						"south": {
							"texture": "#type",
							"uv": [ 1.0, 4.5, 8.0, 11.0 ],
							"autoUv": false
						},
						"west": {
							"texture": "#type",
							"uv": [ 0.0, 0.0, 6.5, 1.0 ],
							"rotation": 90,
							"autoUv": false
						},
						"up": {
							"texture": "#type",
							"uv": [ 0.0, 0.0, 7.0, 1.0 ],
							"rotation": 180,
							"autoUv": false
						},
						"down": {
							"texture": "#type",
							"uv": [ 5.0, 11.0, 12.0, 12.0 ],
							"autoUv": false
						}
					}
				}
			]
		}
	]
}